<?xml version="1.0" encoding="UTF-8"?>
<project-private xmlns="http://www.netbeans.org/ns/project-private/1">
    <editor-bookmarks xmlns="http://www.netbeans.org/ns/editor-bookmarks/2" lastBookmarkId="0"/>
    <open-files xmlns="http://www.netbeans.org/ns/projectui-open-files/2">
        <group>
            <file>file:/C:/Users/dell/Documents/NetBeansProjects/Pharmacy/src/icon/e1.png</file>
            <file>file:/C:/Users/dell/Documents/NetBeansProjects/Pharmacy/src/NewJFrame.java</file>
            <file>file:/C:/Users/dell/Documents/NetBeansProjects/Pharmacy/src/icon/c3.png</file>
            <file>file:/C:/Users/dell/Documents/NetBeansProjects/Pharmacy/src/pharmacy/Product.java</file>
            <file>file:/C:/Users/dell/Documents/NetBeansProjects/Pharmacy/src/icon/d.png</file>
            <file>file:/C:/Users/dell/Documents/NetBeansProjects/Pharmacy/src/pharmacy/User.java</file>
            <file>file:/C:/Users/dell/Documents/NetBeansProjects/Pharmacy/src/pharmacy/Home.java</file>
            <file>file:/C:/Users/dell/Documents/NetBeansProjects/Pharmacy/src/icon/b.png</file>
            <file>file:/C:/Users/dell/Documents/NetBeansProjects/Pharmacy/src/icon/a.png</file>
            <file>file:/C:/Users/dell/Documents/NetBeansProjects/Pharmacy/src/icon/c.png</file>
            <file>file:/C:/Users/dell/Documents/NetBeansProjects/Pharmacy/src/pharmacy/Customer.java</file>
            <file>file:/C:/Users/dell/Documents/NetBeansProjects/Pharmacy/src/pharmacy/Login.java</file>
        </group>
    </open-files>
</project-private>
